State,Category Of Video ,Builder Name,Project Name,City Name,Title ,Youtube Link 
Haryana,Route & Connectivity Video,Birla Estates Private Limited,Birla Arika,Gurugram,Done,https://youtu.be/vUd76MBWU7k
Haryana,Route Video ,Shapoorji Pallonji,The Dualis,Gurugram,Done,https://youtu.be/a5sw2nWOWrE
Haryana,Route Video,ROF Group,ROF Pravasa,Gurugram,Done,https://youtu.be/K2N4IAibkho
Haryana,Project Showcase, Sweta Estates Pvt. Ltd.,Central Park Bellavista ,Gurugram,Central Park Bellavista Project Tour,https://youtu.be/3mRhJ1fhfX8
Haryana,Route Video ,Devasya Developers Private Limited,Devasya Bharat,Gurugram,Devyasa Bharat Drone Route Video,https://youtu.be/DWiPxUbR6yc
Haryana,Construction Update,M3M Group,M3M Heights 65th Avenue,Gurugram,M3M Construction 2026, https://youtu.be/4HgBVcZTfoo
Haryana,connectivity,S S Group ,SS Cendana,Gurugram,SS Cendana Full Drone Route,https://youtu.be/xDVdZQExX6U
Haryana,Virtual Tour ,M3M Group,Gurugram International City ,Gurugram,Gurugram International City,https://youtu.be/KD6-PpWUTwk
Haryana,Aerial Virtual Tour,Central Park Group,Central Park Delphine ,Gurugram,Central Park Delphine ,https://youtu.be/GFexLzfqlR8
Haryana,Route Video ,TARC Limited,TARC Ishva,Gurugram,TARC Ishva Sector 63A Gurugram,https://youtu.be/r2-j0pd2E2I
Haryana,Route Video,Shapoorji Pallonji,The Dualis,Gurugram,The Dualis Sector 46 ,https://youtu.be/I32w8KJ5KuU
Haryana,Construction Update,Experion Developers Pvt Ltd,The Westerlises,Gurugram,The Westerlises Progress Video,https://youtu.be/n608LOMkC78
Haryana,Project Showcase,Experion Developers Pvt Ltd,The Westerlises,Gurugram,EXPERION THE POSITIVE SIDE OF LIFE,https://youtu.be/WZRziQJRGxU
Haryana,Construction Update,Smartworld Developers,Smart World Gems,Gurugram,Smart World Gems,https://youtu.be/xWO-CdeoLIk
Haryana,Project Showcase,, M3M Group,Gurugram, M3M Group,https://youtu.be/Ppd_ktwWMt8
Haryana,Construction Update,Experion Developers Pvt Ltd,The Westerlises,Gurugram,Westerlies Construction Update,https://youtu.be/FcGS5Xqg2Fw
Haryana,Construction Update,Smartworld Developers,Smart World Orchard,Gurugram,Smart World Orchard,khttps://youtu.be/zG11dVS4O7Q
Haryana,Locality Video,,L&T Realty ,Gurugram,L&T Sec-88 Gurugram's,https://youtu.be/IhSbA-myAuM
Haryana,connectivity,,L&T Realty ,Gurugram,L&T Gurugram's Road Connectivity,https://youtu.be/nGBglxbWkMI
Haryana,Construction Update,Experion Developers Pvt Ltd,The Westerlises,Gurugram,Experion Westerlies Construction Update,https://youtu.be/9u_SogkKMKw
Haryana,Route Video ,Trinity Infratech,Trinity Project ,Gurugram,Trinity Project Route Video Gurugram,https://youtu.be/Ca9BtOmhu8Y
Haryana,Route Vidoes,,American Express ,Gurugram,American Express ,https://youtu.be/5pczS7r6KQ4
Haryana,Aerial View,JMS Group,JMS The Pearl,Gurugram,JMS The Pearl , https://youtu.be/y3hMEcpOAUI
Haryana,Aerial View,JMS Group,JMS The Pearl,Gurugram,JMS The Pearl ,https://youtu.be/GLKr_SZk05M
Haryana,Connectivity ,JMS Group,JMS The Pearl,Gurugram,JMS Group | Location Connectivity,https://youtu.be/zFbsDbdXOZk
Haryana,Aerial View,JMS Group,JMS The Pearl,Gurugram,JMS The Pearl ,https://youtu.be/dQwTW8M5zzA
Haryana,Aerial View,JMS Group,JMS The Pearl,Gurugram,JMS The Pearl ,https://youtu.be/vCEn2KJZU5Y
Haryana,Aerial View,Smartworld Developers,Smart World Orchard Street,Gurugram,Smart World Orchard Street,https://youtu.be/j-RBcGiQbio
Haryana,Aerial View,,Eros Group ,Gurugram,Eros Group | Gurugram City ,https://youtu.be/VGcni4tiBzg
Haryana,Aerial View,,Pyramid Infratech,Gurugram,Pyramid Infratech,https://youtu.be/sQd_Nxc0qEo
Haryana,Aerial View,,Pyramid Infratech,Gurugram,Pyramid Infratech,https://youtu.be/jZx_pOZ-EG0
Haryana,Construction Update,Experion Developers Pvt Ltd,The Westerlises,Gurugram, Experion Westerlies Sector 108 | Gurugram,https://youtu.be/rjMW1s8Gk5o
Haryana,Construction Update,Smartworld Developers,Smart World Gems,Gurugram,Smart World Gems Sector 89,https://youtu.be/uecAelIKuEo
Haryana,Construction Update,Smartworld Developers, Smart World Orchard,Gurugram, Smart World Orchard,https://youtu.be/lJz-mU1oUHY
Haryana,Scale Model Videos ,Whiteland Corporation , Urban Cubes 71,Gurugram, Urban Cubes 71 | Whiteland Corporation ,https://youtu.be/3RtCGcsmeWk
Haryana,Scale Model Videos ,Whiteland Corporation ,The Aspen Iconic,Gurugram,The Aspen Iconic | Whiteland,https://youtu.be/MgO7tmD5jZ8
Haryana,Aerial View,JMS Group,JMS Mega City,Gurugram,JMS Mega City | Gurugram,https://youtu.be/MjPcUNWNCiY
Haryana,Teaser ,JMS Group,JMS Mega City,Gurugram ,JMS Mega City,https://youtu.be/ANT5KD59dQg
Haryana,Land Bank Survey Videos,JMS Group,JMS Mega City,Gurugram ,Land Bank Survey Videos | JMS Mega City,https://youtu.be/mcN62oTp1a0
Haryana,Project Showcase,Whiteland,The Aspen Iconic,Gurugram ,Whiteland,https://youtu.be/8tMCPfaKIqA
Haryana,Teaser ,JMS Group,JMS Mega City,Gurugram ,JMS Mega City | Gurgaon ,https://youtu.be/9SVvthex0nc
Haryana,Construction Update,Smartworld Developers,Smart World Orchad ,Gurugram ,Smart World Orchad ,https://youtu.be/ZpCWGIf3ES8
Haryana,Construction Update,Smartworld Developers,Smart World One DXP ,Gurugram ,Smart World One DXP | Gurugram,https://youtu.be/Y9-YiEZ1mD8
Haryana,Project Showcase,M3M India,City of Dreams,Gurugram, Interior Video | Whiteland,https://youtu.be/e7gUsusEWlI
Haryana,Construction Update,M3M India,City of Dreams,Panipat,M3M India | M3M Panipat,https://youtu.be/xGY3KHbWcdA
Haryana,Aerial View,Paras Buildtech,Paras Arcade 114 ,Gurugram,Paras Arcade 114 | Paras Buildtech,https://youtu.be/kfC2B1Rsyc8
Haryana,Project Showcase,Experion Windchants,Duplex Villaments,Gurugram, Experion Windchants | Project,https://youtu.be/bMVWzl7zL9o
Haryana,Construction Update,Smartworld Developers,Smart World Gems,Gurugram ,Smart World Gems,https://youtu.be/NOVOVU8FBQA
Haryana,Construction update,Smartworld Developers,Smart World Orchard's,Gurugram,Smart World Orchard's,https://youtu.be/yF2EkOS3R9M
Haryana,Construction update,M3M India,M3M Soulitude,Gurugram ,M3M Soulitude,https://youtu.be/dv207251weQ
Haryana,Construction update,M3M India,M3M Flora 68 ,Gurugram,M3M Flora 68 ,https://youtu.be/-gxUkmZGNxU
Haryana,Construction update,M3M India,M3M Capital,Gurugram ,M3M Capital,khttps://youtu.be/YQEj0_kftOA
Haryana,Construction update,M3M India,M3M Soulitude,Gurugram ,M3M Soulitude,https://youtu.be/6UMSaP9AKSw
Haryana,Construction update,M3M India,M3M Flora 68 ,Gurugram,M3M Flora 68 ,https://youtu.be/57BwuvoL5RI
Haryana,Construction update,M3M India,M3M Capital| Construction,Gurugram,M3M Capital| Construction,https://youtu.be/Om0nmCMXSzo
Haryana,Construction update,M3M India,M3M Broadway,Gurugram,M3M Broadway,https://youtu.be/vJ7xDmjlyZU
Haryana,Construction update,M3M India,M3M IFC,Gurugram,M3M IFC,https://youtu.be/HHflcXCQ0HY
Haryana,Construction update,Smartworld Developers,Smart World,Gurugram,Smart World,https://youtu.be/3zDI5pLP8DU
Haryana,Construction Update,Smartworld Developers,Smart World GEMS,Gurugram,Smart World GEMS,https://youtu.be/Z5X9q65yS7c
Haryana,Construction Update,M3M India,M3M IFC,Gurugram,M3M IFC,https://youtu.be/ARGqdjZ3JoU
Haryana,Construction Update,M3M India,M3M Broadway,Gurugram,M3M Broadway,https://youtu.be/IqLLqyDdW-M
Haryana,Construction Update,M3M India,M3M 65th Avenue,Gurugram,M3M 65th Avenue,https://youtu.be/QHRjzOiPs9w
Haryana,Teaser ,M3M India,M3M Sky Suites,Gurugram,M3M Sky Suites,https://youtu.be/9WskuBYm8fs
Haryana,Construction Update,Smartworld Developers,Smart World GEMS,Gurugram,Smart World GEMS,https://youtu.be/mcxG4H8IxDE
Haryana,Construction Update,M3M India,M3M 65th Avenue,Gurugram,M3M 65th Avenue,https://youtu.be/0h5rV31q5dk
Haryana,Construction Update,M3M India,M3M 65th Avenue,Gurugram,M3M 65th Avenue,https://youtu.be/Y-r0uR4PW8s
Haryana,Construction Update,M3M India,M3M Broadway,Gurugram,M3M Broadway,https://youtu.be/FLA1hgXVpQ4
Haryana,Construction Update,M3M India,M3M Broadway,Gurugram,M3M Broadway,https://youtu.be/G6VywSAlv8I
Haryana,Construction Update,M3M India,M3M Capital,Gurugram,M3M Capital,https://youtu.be/-8LRUF6EK4M
Haryana,Construction Update,M3M India,M3M Capital,Gurugram,M3M Capital,https://youtu.be/f-jTbVy4FS8
Haryana,Construction Update,M3M India,M3M Cornerwalk,Gurugram,M3M Cornerwalk,https://youtu.be/_-_NL9WVjDo
Haryana,Construction Update,M3M India,M3M Cornerwalk,Gurugram,M3M Cornerwalk,https://youtu.be/QjyKbT0b5MA
Haryana,Construction Update,M3M India,M3M Cornerwalk,Gurugram,M3M Cornerwalk,https://youtu.be/HYFv2oII8x4
Haryana,Construction Update,M3M India,M3M Cornerwalk,Gurugram,M3M Cornerwalk,https://youtu.be/IC1vqrlyeiU
Haryana,Construction Update,M3M India,M3M Cornerwalk,Gurugram,M3M Cornerwalk,https://youtu.be/cs_JwKIbxiA
Haryana,Construction Update,M3M India,M3M Flora 68|Gurugram,Gurugram,M3M Flora 68|Gurugram,https://youtu.be/XJr1BMl_pLU
Haryana,Interior,Experion Developers,Windchants,Gurugram,Experion Developers|Windchants,https://youtu.be/CocslqSOkcw
Haryana,Construction Update,Smartworld Developers, Smart World Orchard | Gurugram,Gurugram, Smart World Orchard | Gurugram,https://youtu.be/pa9ZmhzCFlM
Haryana,Construction Update,Smartworld Developers,Smart World Orchard,Gurugram,Smart World Orchard,https://youtu.be/UoY9BKbLtIc
Haryana,Construction Update,Smartworld Developers,Smart World Gems,Gurugram,Smart World Gems,https://youtu.be/F5ly0jKebD0
Haryana,Construction Update,Smartworld Developers,Smart World Orchard,Gurugram,Smart World Orchard,https://youtu.be/Ekv5jANcx9U
Haryana,Construction Update,Smartworld Developers,Smart World Gems,Gurugram,Smart World Gems,https://youtu.be/Pz_BiuPwMdE
Haryana,Construction Update,Smartworld Developers,Smart World Orchard,Gurugram,Smart World Orchard,https://youtu.be/b8AGRbjyl68
Haryana,Construction Update,M3M India, M3M Solitude,Gurugram, M3M Solitude,https://youtu.be/1syx9MGaobQ
Haryana,Construction Update,M3M India,M3M IFC,Gurugram,M3M IFC,https://youtu.be/7vKMlSE3hkA
Haryana,Construction Update,M3M India,M3M Capital,Gurugram,M3M Capital,https://youtu.be/p9JMl8kGrqY
Haryana,Construction Update,M3M India,M3M Capital,Gurugram,M3M Capital,https://youtu.be/1VETCX85gq0
Haryana,Construction Update,M3M India,M3M Broadway,Gurugram,M3M Broadway,https://youtu.be/66cVtuEweKY
Haryana,Construction Update,M3M India, M3M Solitude,Gurugram, M3M Solitude,https://youtu.be/3QEpgsHyZdM
Haryana,Construction Update,M3M India,M3M Solitude,Gurugram,M3M Solitude,https://youtu.be/Gn1uIe0G4f4
Haryana,Construction Update,M3M India,M3M Solitude | Construction Update,Gurugram,M3M Solitude | Construction Update,https://youtu.be/jANpD3GIBME
Haryana,Construction Update,M3M India,M3M Solitude,Gurugram,M3M Solitude,https://youtu.be/NWkKO55dcYM
Haryana,Construction Update,M3M India,M3M Flora 68 ,Gurugram,M3M Flora 68 ,https://youtu.be/-F6CKbPLIhY
Haryana,Construction Update,M3M India,M3M Corner Walk,Gurugram,M3M Corner Walk,https://youtu.be/DxCrgxfs9Is
Haryana,Construction Update,M3M India, M3M Capital,Gurugram, M3M Capital,https://youtu.be/TcQDfmF0pWo
Haryana,Project Showcase,Central Park Group,Central Park Flower Valley Amenities ,Gurugram,Central Park Flower Valley Amenities ,https://youtu.be/f08wM12kw_I
Haryana,Construction Update,M3M India , M3M Capital,Gurugram,M3M India | M3M Capital,https://youtu.be/rfIfC9JH3b8
Haryana,Construction Update,M3M India ,  M3M Heights & M3M Skycity,Gurugram, M3M India | M3m Heights & M3M Skycity,https://youtu.be/68bMfjCfYZI
Haryana,Construction Update,M3M India ,M3M 65th Avenue,Gurugram,M3M 65th Avenue,https://youtu.be/IRYPIyE5TsU
Haryana,Construction Update,M3M India ,M3M 65th Avenue,Gurugram,M3M 65th Avenue,https://youtu.be/xdmwuY4UYlQ
Haryana,Construction Update,M3M India ,M3M 65th Avenue,Gurugram,M3M 65th Avenue,https://youtu.be/kBLBubT8Qp4
Haryana,Construction Update,M3M India ,M3M 65th Avenue,Gurugram,M3M 65th Avenue,https://youtu.be/Tqcew4m2hSA
Haryana,Construction Update,Smartworld Developers,Smart World Gems,Gurugram,Smart World Gems,https://youtu.be/MhyF15Go5bY
Haryana,Construction Update,M3M India ,M3M Soulitude|,Gurugram,M3M Soulitude|,https://youtu.be/f2ZySTSmGPo
Haryana,Construction Update,M3M India , M3M Route 65,Gurugram, M3M Route 65,https://youtu.be/5Lp5e7eXNUQ
Haryana,Aerial View,Smartworld Developers,Smart World Developers,Gurugram,Smart World Developers,https://youtu.be/rtbE_H3kZiQ
Haryana,Aerial View,Smartworld Developers,Smart World One DXP | Gurugram,Gurugram,Smart World One DXP | Gurugram,https://youtu.be/AMT8OHUdDE4
Haryana,Construction Update,M3M India,| M3M India| M3M Cornerwalk,Gurugram,| M3M India| M3M Cornerwalk,https://youtu.be/Z7Z--ZcgY1A
Haryana,Construction Update,M3M India,M3M India| M3M Atrium 57,Gurugram,M3M India| M3M Atrium 57,https://youtu.be/MkrnrDDXDwQ
Haryana,Construction Update,M3M India, M3M India| M3M Atrium 57,Gurugram, M3M India| M3M Atrium 57,https://youtu.be/loJZrLL6g4U
Haryana,Construction Update,M3M India, M3M INDIA|M3MFLORA,Gurugram, M3M INDIA|M3MFLORA,https://youtu.be/TECsU-fX7fU
Haryana,construction Update,M3M India,|M3M ATRIUM,Gurugram,|M3M ATRIUM,https://youtu.be/ccz5CfR2WYQ
Haryana,Construction Update,M3M India,M3M Capital,Gurugram,M3M Capital,https://youtu.be/GrbV_xKsxH8
Haryana,Construction Update,M3M India,M3M Capital,Gurugram,M3M Capital,https://youtu.be/F9lgFZFFM1k
Haryana,Construction Update,M3M India,M3M IFC,Gurugram,M3M IFC,https://youtu.be/ec8xL9VFzJs
Haryana,Construction Update,M3M India,M3M Broadway,Gurugram,M3M Broadway,https://youtu.be/XLg3mQXGjVE
Haryana,Construction Update,M3M India,M3M Corner Walk,Gurugram,M3M Corner Walk,https://youtu.be/cxg_szTwEGs
Haryana,Construction Update,M3M India,M3M Corner Walk,Gurugram,M3M Corner Walk,https://youtu.be/4u0ftNWe7cI
Haryana,Construction Update,M3M India,M3M Corner Walk,Gurugram,M3M Corner Walk,https://youtu.be/st1Aur9PH6w
Haryana,Construction Update,M3M India,M3M Soulitude,Gurugram,M3M Soulitude,https://youtu.be/st1Aur9PH6w
Haryana,Construction Update,M3M India,M3M Soulitude,Gurugram,M3M Soulitude,https://youtu.be/xpLZFyOL5Rs
Haryana,Construction Update,M3M India,M3M Broadway,Gurugram,M3M Broadway,https://youtu.be/Sko535pP144
Haryana,Route Video,Golden Park ,Meffier Infra,Gurugram,Golden Park ,https://youtu.be/WdiTlynJVXA
Haryana,Construction Update,M3M India,Skycity Heights 65,Gurugram,Skycity Heights 65,https://youtu.be/A7nxqrFT91c
Haryana,construction Update,M3M India,M3M Flora 68,Gurugram,M3M Flora 68,https://youtu.be/mAh5csqi64o
Haryana,Construction Update,M3M India,M3M Capital,Gurugram,M3M Capital,https://youtu.be/Aqu8lMG7FFc
Haryana,Construction Update,M3M India,M3M Flora 68,Gurugram,M3M Flora 68,https://youtu.be/5ZNObTeUCNo
Haryana,Construction Update,Smartworld Developers,Smart World Orchard's ,Gurugram,Smart World Orchard's ,https://youtu.be/9cskJJCQtbs
Haryana,Construction Update, M3M India ,M3M's Broadway,Gurugram,M3M's Broadway,https://youtu.be/zpvj-AeFROo
Haryana,Construction Update,Smartworld Developers,Smart World Orchard's ,Gurugram,Smart World Orchard's ,https://youtu.be/bFghGLiBlf8
Haryana,Construction Update, M3M India ,M3M Corner Walk,Gurugram,M3M Corner Walk,https://youtu.be/rlXgS4vFdVw
Haryana,Construction Update, M3M India ,M3M 65th Avenue,Gurugram,M3M 65th Avenue,https://youtu.be/zCQ4NnEwNqM
Haryana,Construction Update, M3M India ,M3M ATRIUM 57,Gurugram,M3M ATRIUM 57,https://youtu.be/DNGN3PwPGaU
Haryana,Construction Update, M3M India ,M3M Broadway ,Gurugram,M3M Broadway ,https://youtu.be/Xi2_PVCepPQ
Haryana,Construction Update, M3M India ,M3M Capital,Gurugram,M3M Capital,https://youtu.be/5XdFnKjtH5k
Haryana,Construction Update, M3M India , M3M Corner Walk,Gurugram, M3M Corner Walk,https://youtu.be/cEq0ygpi_8Y
Haryana,Construction Update, M3M India ,M3M Flora 68 ,Gurugram,M3M Flora 68 ,https://youtu.be/5xKe-XgabKE
Haryana,Construction Update, M3M India ,M3M IFC | M3M,Gurugram,M3M IFC | M3M,https://youtu.be/osFt56cjaDY
Haryana,Construction Update, M3M India , M3M Corner Walk,Gurugram, M3M Corner Walk,https://youtu.be/OGBN7l-obss
Haryana,Construction Update, M3M India ,M3M Capital,Gurugram,M3M Capital,https://youtu.be/xLIYWB0f58s
Haryana,Construction Update, M3M India , M3M India ,Gurugram, M3M India ,https://youtu.be/EfEyLOxx6-g
Haryana,Construction Update, M3M India ,M3M Broadway ,Gurugram,M3M Broadway ,https://youtu.be/47fnTHyAxbM
Haryana,Route Video,JMS Group,JMS Group,Gurugram,JMS Group,https://youtu.be/nSkMQi5Gkw4
Haryana,Construction Update,Smartworld Developers,Smart World Gems,Gurugram,Smart World Gems,https://youtu.be/7GiCyjqArDU
Haryana,Route Video,,Eldeco Acclaim,Gurugram,Eldeco Acclam ,https://youtu.be/jYeSvYw5tbQ
Haryana,Construction Update,Smartworld Developers,Smart World Gems,Gurugram,Smart World Gems,https://youtu.be/caU5ape8eMk
Haryana,Construction Update,Smartworld Developers,Smart World Gems,Gurugram,Smart World Gems,https://youtu.be/_3bSwRZgLYw
Haryana,Construction Update,Smartworld Developers,Smart World Orchard ,Gurugram,Smart World Orchard ,https://youtu.be/gxAPcSuYygc
Haryana,Construction Update,Smartworld Developers,Smart World Orchard ,Gurugram,Smart World Orchard ,https://youtu.be/Dgez-j8VZro
Haryana,Route Video,,Route Video,Fridabad,,https://youtu.be/ClGuBRYlt6g
Haryana,Project showcase,EROS Group,Edenwood Towers,Fridabad,EROS Group| Edenwood Towers,https://youtu.be/Sn-b_iCAdsc
Haryana,Interior,EROS Group,Edenwood Towers,Fridabad,Edenwood,https://youtu.be/KPXIyQo-yb4
Haryana,Construction Update,EROS Group,Edenwood Tower,Fridabad,Edenwood Tower,https://youtu.be/L6kJn71DBec
Haryana,Construction Update,EROS Group,Edenwood Tower,Fridabad,Edenwood Tower,https://youtu.be/jWhY1RleVZ0
Haryana,Construction Update,EROS Group,Edenwood Tower,Fridabad,Edenwood Tower,https://youtu.be/FDfDLYFUWlk
Haryana,Interior,EROS Group,Edenwood Tower,Fridabad,Eros Group,https://youtu.be/8Lm2ZkouO4I
Haryana,Project Virtual Tours,EROS Group,Edenwood Tower,Fridabad,Eros Group,https://youtu.be/XAAPwke4HTo
Haryana,Construction Update,EROS Group,Edenwood Tower,Fridabad,Eros Group,https://youtu.be/pbu3S0_wDGE
Haryana,Promotional Video,EROS Group,Edenwood Tower,Fridabad,Edenwood Tower,https://youtu.be/chtQX1s53C4
Haryana,Walkthrough,EROS Group,Edenwood Tower,Fridabad,Eros Group,https://youtu.be/25T3iPLA7HA
Haryana,Walkthrough,EROS Group,Edenwood Tower,Fridabad,Edenwood Tower,https://youtu.be/acE5gCAkhD4
Haryana,Interior,EROS Group,Edenwood Tower,Fridabad,Edenwood Tower,https://youtu.be/WYXcGWBH-uY
Haryana,Route Video,EROS Group,Edenwood Tower,Fridabad,Edenwood Tower,https://youtu.be/gs1D_Z7Tn_I
Haryana,Promotional Video,EROS Group,Edenwood Tower,Fridabad,Eros Group Edenwood Tower,https://youtu.be/5PsWV_v66go
Haryana,Interior,EROS Group,Edenwood Tower,Fridabad,Eros Group Edenwood Tower,https://youtu.be/f4uu2QKgYkA
Haryana,Aerial View,EROS Group,Edenwood Tower,Fridabad,Eros Group Edenwood Tower,https://youtu.be/L-tbxnWeB6w
Haryana,Project Showcase,EROS Group,Edenwood Tower,Gurugram,Eros Group,https://youtu.be/XvlTXoZhQXM
Haryana,3D Video,EROS Group,Edenwood Tower,Fridabad,Eros Group Edenwood Tower,https://youtu.be/FvFXTE1H2-4
Haryana,Construction Timelapse,EROS Group,Edenwood Tower,Fridabad,Eros Group Edenwood Tower,https://youtu.be/_L95i-q93jU
Haryana,Connectivity,EROS Group,Edenwood Tower,Gurugram,Eldeco Acclam ,https://youtu.be/nljZjeiuSOg
Haryana,Construction Update,EROS Group,Edenwood Tower,Fridabad,Eros Group Edenwood Tower,https://youtu.be/pPaVKpMi6Sg
Haryana,Interior,EROS Group,Edenwood Tower,Fridabad,Eros Group Edenwood Tower,https://youtu.be/otjSgauYaz4
Haryana,Route Video,EROS Group,Edenwood Tower,Fridabad,Eros Group Edenwood Tower,https://youtu.be/CMzJjYKL7LI
Haryana,Construction Update,EROS Group,Edenwood Tower,Fridabad,Eros Group Edenwood Tower,
Haryana,Interior,EROS Group,Edenwood Tower,Fridabad,Eros Group Edenwood Tower,https://youtu.be/WKKHj5TaumY
Haryana,Construction Update,EROS Group,Edenwood Tower,Fridabad,Eros Group Edenwood Tower,https://youtu.be/g5PJZK-kYjw
Haryana,Promotional Video,EROS Group,Edenwood Tower,Fridabad,Eros Group Edenwood Tower,https://youtu.be/npO9ejrXU0E
Haryana,Construction Update,EROS Group,Edenwood Tower,Fridabad,Eros Group Edenwood Tower,https://youtu.be/Do9x2l9EGwo
Haryana,Construction Update,EROS Group,Edenwood Tower,Fridabad,Eros Group Edenwood Tower,https://youtu.be/FV0d1UaUkhA
Haryana,Route Video,Adore, Arpanam 2.0,Fridabad,Adore Arpanam,https://youtu.be/e75Q6TFnI2I
Haryana,Route Video,Adore,Arpanam 2.0,Fridabad,Adore Arpanam,https://youtu.be/g7fEPZz2xg8
Haryana,Route Video,Adore, Arpanam 2.0,Fridabad,Adore Realtech,https://youtu.be/o4fUqdabxqo
Haryana,Locality Video,The Imperial ,KJL Imperial ,Fridabad,The Imperial ,https://youtu.be/HXdAITX8zJE
Haryana,Route Video,Aure By Amolik,Amolik Concordia Living,Fridabad,Aure By Amolik,https://youtu.be/8HzY0iYrLy0
Haryana,Route Video,Auric Group,Universal Square,Fridabad,Universal Square,https://youtu.be/Gm7XlyTexG0
Haryana,Route Video,,La Dimora City,Fridabad,La Dimora City,https://youtu.be/52MTQgxsv80
Haryana,Route Video,Smart World ,City Of Dreams ,Gurugram,Smart World ,https://youtu.be/MQZ88BWDjRg
Haryana,Aerial View,Smart World ,City Of Dreams ,Gurugram,Smart World ,https://youtu.be/pw2fgBP0IH8
Haryana,Aerial View,Smart World ,City Of Dreams ,Gurugram,Smart World ,https://youtu.be/E8BJl5aleAs
Haryana,Aerial View,Smart World ,City Of Dreams ,Gurugram,Smart World ,https://youtu.be/Yn8cOw5Qcd4
Haryana,Scale Model Videos ,Whiteland Corporation ,The Aspen ,Gurgaon ,The Aspen | Whiteland Corporation ,https://youtu.be/bwdgEqjZ_NE
Haryana,Aerial View,Paras Buildtech,Paras Arcade114,Gurugram,aras Buildtech| 360 Aerial Video,https://youtu.be/hSoTxVEYeWQ
Haryana,Teaser ,,Paras Buildtech,Gurugram,Paras Buildtech|,https://youtu.be/PBpN6h1yW5k
Haryana,Teaser ,,Paras Buildtech,Gurugram,Paras Buildtech|,https://youtu.be/55Us6fMlntY
Haryana,Teasers ,Paras Buildtech,Paras Arcade114,Gurugram,Paras Arcade114,https://youtu.be/lcvurr-5oKc
Haryana,Aerial View,Eros Group,Eros City Square,Gurugram,Eros Group,https://youtu.be/P6iV-3RqtCM
Haryana,Promotional Video,Eros Group,Corporate Park ,Gurugram,Eros Group Corporate Park ,https://youtu.be/XA4GCY7f6O0
Haryana,Promotional Video,Signature Avenues,Signature Altius,Gurugram,Singature Avenues ,https://youtu.be/NCpjjRkFeKM
Haryana,Aerial View,Hero Realty ,Hero Homes ,Gurugram,Hero Homes ,https://youtu.be/AYGQW3Dh7ZU
Haryana,Locality Video,Experion ,Experion Windchants,Gurugram,Experion ,https://youtu.be/cC07omSkWDQ
Haryana,Promotional Video,, Maceo,Gurugram,Proptiger Right To Home ,https://youtu.be/0M57kWiTcUk
Haryana,Promotional Video,Hero Realty ,Hero Homes ,Gurugram,Proptiger Right To Home ,https://youtu.be/rNU_ilDcBEI
Haryana,Promotional Video,Signature Global India Limited.,Signature Global Aspire,Gurugram,Proptiger Right To Home ,https://youtu.be/koP3lPgy0Qs
Haryana,Promotional Video,Emaar,Palm Hills township,Gurugram,Proptiger Right To Home ,https://youtu.be/ws2nJL2xJio
Haryana,Aerial View,,Ambience Creacions,Gurugram,Ambience Tiverton ,https://youtu.be/mHwO3ua6L7Q
Haryana,Project showcase,,AIIMS Nationa l Cancer Institute,JHAJJAR,AIIMS Nationa l Cancer Institute,https://youtu.be/AAGgdz4wPgk
Haryana,Aerial View,,Paradise Green ,Kundli,Paradise Green Villag,https://youtu.be/SVD4ns52KHk
Haryana,Construction Update,Smart World ,Smart World Nature's Court,Gurugram,Smart World ,https://youtu.be/2dy5Fv_AzhU
Haryana,Route Video,Birla Estates,Birla Arika,Gurugram,Birla Arika,https://youtu.be/Sa5CtzukwtI
Haryana,Project Showcase,,Paradise Green ,Kundli,Paradise Green Villag,https://youtu.be/YhyBp5Unang
Haryana,Project showcase,Eros Group, Eros Corporate Park,Manesar,Eros Group,https://youtu.be/5JxHecqagcU
Haryana,Project Showcase,Eros Group, Eros Corporate Park,Manesar,Eros Group,https://youtu.be/l3V23fWgQXg
Haryana,Route Video,Birla Estates,Birla Arika,Gurugram,Birla Arika,https://youtu.be/r2HoGuJtvv8
Haryana,Route Video,,L&T Realty ,Gurugram,L&T Realty ,https://youtu.be/uYq-G5lVSK8
Haryana,Route Video,Anant Raj Corporation,TARC Ishva,Gurugram,TARC Ishva,https://youtu.be/w9VlhBllJdQ
Haryana,Route Video,Experion ,Experion Windchants,Gurugram,Experion ,https://youtu.be/Fi4n5hQVMxA
Haryana,Route Video,, Devasya Bharat,Gurugram,Devyasa Bharat,https://youtu.be/h29c4FZJaQg
Haryana,Route Video,,TARC Ishva,Gurugram,TARC Ishva,https://youtu.be/3sn4Th6epSs
Haryana,Route Video,,ROF Pravasa,Gurugram,ROF Pravasa,https://youtu.be/Bus7IbOOqV0
Haryana,Route Video,Shapoorji Pallonji,The Dualis ,Gurugram,The Dualis ,https://youtu.be/vH8VbFKgGz4
Haryana,Route Video,Hero Realty ,Hero Homes ,Gurugram,Hero Homes ,https://youtu.be/8sN5WFu7oEA
Haryana,Route Video,,TARC Ishva,Gurugram,TARC Ishva,https://youtu.be/keL4xoLprAw
Haryana,Route Video,Birla Estates,Birla Arika,Gurugram,Birla Arika,https://youtu.be/s01ZMIjTInA
Haryana,Locality Video,Experion ,Experion Windchants,Gurugram,Experion ,https://youtu.be/xMe8-TPYNI4
Haryana,Locality Video,Shapoorji Pallonji,The Dualis ,Gurugram,The Dualis ,https://youtu.be/IPozigKnYYc
Haryana,Aerial View,,Devyasa Bharat,Gurugram,Devyasa Bharat,https://youtu.be/mPVHoFXOM_4
Haryana,Route Video,Hero Realty ,Hero Homes ,Gurugram,Hero Homes ,https://youtu.be/yqYmO6gBEew
Haryana,Construction Update,One Group ,One City ,Rohtak,"One City, Rohtak",https://youtu.be/Q28petd5zhY
Haryana,Review Videos,,EON7 Developers,Gurugram,EON7 ,https://youtu.be/POp0XxVyXpg
Haryana,Review Videos,,EON7 Developers,Gurugram,EON7 ,https://youtu.be/TmIzTU7JZ4I
Haryana,Review Videos,,EON7 Developers,Gurugram,EON7 ,https://youtu.be/XAhjBNv0Rmw
Haryana,Review Videos,,EON7 Developers,Gurugram,EON7 ,https://youtu.be/xeXQ8Ao-kpk
Haryana,Review Videos,,EON7 Developers,Gurugram,EON7 ,https://youtu.be/9f80RNJAgEw
Haryana,Review Videos,,EON7 Developers,Gurugram,EON7,https://youtu.be/fjU00BJeYR0
Haryana,Review Videos,,EON7 Developers,Gurugram,EON7,https://youtu.be/tZVbNzGsCiU
Haryana,Review Videos,,EON7 Developers,Gurugram,EON7,https://youtu.be/2tKN70TdOOs
Haryana,Review Videos,,EON7 Developers,Gurugram,EON7,https://youtu.be/r_FBuX_Obpg
Haryana,Review Videos,,EON7 Developers,Gurugram,EON7,https://youtu.be/fAYSanF-njE
Haryana,Review Videos,,EON7 Developers,Gurugram,EON7,https://youtu.be/5V9ArIAWVjU
Haryana,Review Videos,,EON7 Developers,Gurugram,EON7,https://youtu.be/5V9ArIAWVjU
Haryana,Review Videos,,EON7 Developers,Gurugram,EON7,https://youtu.be/HODQRDd6pR8
Haryana,Review Videos,,EON7 Developers,Gurugram,EON7,https://youtu.be/6YuPPpqsFp8
Haryana,Review Videos,,EON7 Developers,Gurugram,EON7,https://youtu.be/5Mt2ElByitA
Haryana,Route Video,Birla Estates,Birla Arika,Gurugram,Birla Arika,https://youtu.be/PBeZx0WEo6k
Haryana,Construction Update,,The Westerlies,Gurugram,The Westerlies,https://youtu.be/ivxx-BttqjI
Haryana,Aerial View,Central Park,Flower Valley,Gurugram,Flower Valley,https://youtu.be/XoYAAVHB4kI
Haryana,Locality Video,JMS Group ,JMS Mega City,Sohna,JMS Mega City | Sohna,https://youtu.be/LuP1QmFUTDw
Haryana,Route Video,,Express Enclave ,Sonipat,,https://youtu.be/ldPDZv0YB0k
Haryana,Construction Update,Smart World ,Smart World Gems,Gurugram,Smart World Gems,https://youtu.be/EjYg44r5ud0
Haryana,Project Showcase,TDI Official Group,The Lake Grove Club,Sonipat,The Lake Grove Club By TDI Official Group,https://youtu.be/SB1J1zrWuOU
Haryana,Project Showcase,Craft Group ,Craft Homes,Sonipat,Craft Group | Promo Vidoes ,https://youtu.be/uUb3DBlf4Ag
Haryana,Route Video,,Express Enclave ,Sonipat,Express Enclave ,https://youtu.be/EG0DdAkGyKI
Haryana,Route Video,Craft Group ,Craft Homes,Sonipat,Craft Homes,https://youtu.be/wDtD_-gmrho
Haryana,Project Showcase,Craft Group ,Craft Homes,Sonipat ,Craft Homes Project Showcasing,https://youtu.be/Io7z_OiPtsU
Haryana,Route Video,,Riyasat Hills,Gurugram,Riyasat Hills,https://youtu.be/uh2Ze9BONHI
Haryana,Route Video,,Raheja Vanya City,Gurugram,Raheja Vanya,https://youtu.be/Z0QCvAXob4c
Haryana,locality Video,Craft Group ,Craft Homes ,Sonipat ,Craft Homes Locality ,https://youtu.be/rm791kbEuow
Haryana,Route Video,,Gokulam Sohna,Gurugram,Gokulam Sohna,khttps://youtu.be/daojPYdmbEs
Haryana,Route Video,,Meffier Golden Park,Gurugram,Meffier Golden Park,https://youtu.be/nDomK_QJq9Q
Haryana,Route Video,Central Park,Flower Valley,Gurugram,Central Park|Flower Valley,https://youtu.be/FPw38olhrZg
Haryana,Route Video,,Trump Towers,Gurugram,Trump Towers,https://youtu.be/gRs1oKahX98
Haryana,Aerial View,,Jms Group ,Gurugram,Jms Group ,https://youtu.be/kY5tFrgkxmM
Haryana,Construction Update,M3M India ,M3M Broadway,Gurugram,M3M Broadway,https://youtu.be/yLPa8yqGd-8
Haryana,Construction Update,M3M India , M3M IFC,Gurugram, M3M IFC,https://youtu.be/6xVuEL59lak
Haryana,Construction Update,M3M India ,M3M Capital,Gurugram,M3M Capital,https://youtu.be/kFGZU62c9-U
Haryana,Route Video,Central Park ,Central Park Flower Valley Sohna ,Gurugram,Central Park Flower Valley Sohna ,https://youtu.be/n8xlW6qXg4I
Haryana,Construction Update,M3M India ,M3M Flora 68 ,Gurugram,M3M Flora 68 ,https://youtu.be/Dajc9Bupw28
Haryana,Construction Update,M3M India ,M3M Flora 68 ,Gurugram,M3M Flora 68 ,https://youtu.be/vw88FEF-yYE
Haryana,Aerial View,M3M India ,Conerwalk,Gurugram,Conerwalk,https://youtu.be/fsU3KQdyVL8
Haryana,Construction Update,M3M India ,M3M Sky City,Gurugram,M3M Sky City,https://youtu.be/bMGlHr9Hzds
Haryana,Construction Update,M3M India ,M3M IFC,Gurugram,M3M IFC,https://youtu.be/aiyYbqCBsCA
Haryana,Construction Update,M3M India ,M3M Soulitude,Gurugram,M3M Soulitude,https://youtu.be/FN8hJQIFTCY
Haryana,Construction Update,Smart World,Smart World Orchard,Gurugram,Smart World,https://youtu.be/YxUzvehJNJA
Haryana,Construction Update,M3M India ,M3M Soulitude,Gurugram,M3M Soulitude,https://youtu.be/n9Nzw1-5-ck
Haryana,Locality Video,,Sighnature Avenues,Gurugram,Sighnature Avenues,https://youtu.be/cYRy6on_O-4
Haryana,Aerial View,,Paras Arcade 114,Gurugram,Commercial Project ,https://youtu.be/gSslNOIz5cs
Haryana,Project showcase,, Craft Group ,Sonipat,,https://youtu.be/SaiRSPZJDUw
Haryana,Aerial View,,Area Wiki Video Service,Gurugram,Area Wiki Video Service,https://youtu.be/3XfAGKIkp_Q
Haryana,Route Video,,Faridabad ,Fridabad,Faridabad ,https://youtu.be/ClGuBRYlt6g
Haryana,Route Video,,L&T Reality,Gurugram,L&T Reality,https://youtu.be/jmv7zCJM0OA
Haryana,Locality Video,,TARC Ishva,Gurugram ,TARC Ishva,https://youtu.be/2NNl-2t6jwQ
Haryana,Teaser,,Gurugram Teaser,Gurugram,Gurugram Teaser,https://youtu.be/u5tjd0qDznk
Haryana,Route Video,, Panchkula Route Video,Panchkula , Panchkula Route Video,https://youtu.be/bwLtrM8yUMA
Haryana,Route Video,,NSV Panchkula Route Video,Panchkula ,NSV Panchkula Route Video,https://youtu.be/TQSXvEksLHo
Haryana,Route Video,,NSV Gurugram Route Video,Gurugram,NSV Gurugram Route Video,https://youtu.be/S0GNDnksyy4
Haryana,Route Video,,NSV Gurugra,Gurugram,NSV Gurugra,https://youtu.be/ICeHXlAS07U
Haryana,Locality Video,,"NSV Gurugram Locality Video",Gurugram,"NSV Gurugram Locality Video",https://youtu.be/BdXUsuZwl4o
Haryana,Locality Video,,Locality Video,Panchkula ,,https://youtu.be/iibY4UPNqx4
Haryana,Locality Video,,"NSV Locality Video (Panchkula)",Panchkula ,"NSV Locality Video (Panchkula)",https://youtu.be/qgX7CBJ-3TI
Haryana,Route Video,,NSV Gurugram Route Video,Gurugram,NSV Gurugram Route Video,https://youtu.be/gWomYNa96zk
Haryana,Route Video,,"Faridabad Reel Video",Fridabad,"Faridabad Reel Video",https://youtu.be/kJ27YCvWcEg
Haryana,Construction Update,,Smart World Nature's Court | Construction Update ,Gurugram,Smart World Nature's Court | Construction Update ,https://youtu.be/wNnVuAROKHE
Haryana,Aerial Route Video,,Area Wiki Video Service,Gurugram,Area Wiki Video Service,https://youtu.be/3XfAGKIkp_Q
Haryana,Locality Video,,Gurugram Locality Video,Gurugram ,Gurugram Locality Video,https://youtu.be/wmgljXpF_rc
Haryana,Route Video,, Faridabad Drone Route Video ,Fridabad, Faridabad Drone Route Video ,https://youtu.be/ClGuBRYlt6g
Haryana,Aerial View,,Devasya Bharat by Yalith Realty,Gurugram,Devasya Bharat by Yalith Realty,https://youtu.be/W_lOfugJSq4
Haryana,Route Video,,Drone Route Video,Panchkula ,Drone Route Video,https://youtu.be/mgpLS_d-OWg
Haryana,Locality Video,,Locality Video,Panchkula ,Locality Video,https://youtu.be/hhSn5b8nWF4
Haryana,Locality Video,,TARC Ishva Gurugram,Gurugram,TARC Ishva Gurugram,https://youtu.be/oMX3E5KE7Us
Haryana,Project Showcase,,Showcase Your Project,Panchkula ,Showcase Your Project,https://youtu.be/7ig8mfcxyPQ
Haryana,Connectivity,,Connectivity Videos,Gurugram,Connectivity Videos,https://youtu.be/K0ftCaDqnyU
Haryana,Route Video,,Drone Route Video,Fridabad,Drone Route Video,https://youtu.be/rHHzJBWBzyk
Haryana,Locality Video,,Locality Video,Fridabad,Locality Video,https://youtu.be/q9dAd3Y53bE
Haryana,Aerial View,,Area Wiki Video,Gurugram,Area Wiki Video,https://youtu.be/00nDYOqymzw
Haryana,Locality Video,, EON7 Developers ,Gurugram, EON7 Developers ,https://youtu.be/Yk_BfSNEKkA
Haryana,Connectivity,, EON7 Developers ,Gurugram, EON7 Developers ,https://youtu.be/Iw0kZZLWvVw
Haryana,Route Video,,The Trillion by Experion ,Gurugram,The Trillion by Experion ,https://youtu.be/3bW5ZHjyr3c
Haryana,Project Showcase,,Project Showcase ,Gurugram,Project Showcase ,https://youtu.be/X4ZtfiHipKc
Haryana,Teaser,,Craft Group,Sonipat,Craft Group,https://youtu.be/SaiRSPZJDUw
Haryana,Promotional Video,,Craft Group,Sonipat,Craft Group,https://youtu.be/uUb3DBlf4Ag
Haryana,Aerial View ,,Gurugram Aerial View,Gurugram,Gurugram Aerial View,https://youtu.be/RHqDEtVhqSk
Haryana,Aerial View,,Aerial Video ,Fridabad,Aerial Video ,https://youtu.be/mqWfshDpYRs
Haryana,Teaser,,Paras Arcade114,Gurugram,Paras Arcade114,https://youtu.be/brzNlOlHqWM
Haryana,Project Showcase,,Project Showcase,Gurugram,Project Showcase,https://youtu.be/wxcxf9niOdA
Haryana,Aerial View ,,Drone Video ,Gurugram,Drone Video ,https://youtu.be/5TWqtJd01kU
Haryana,Construction Update,,Construction Update,Gurugram,Construction Update,https://youtu.be/IqLLqyDdW-M
Haryana,Aerial View,,Aerial Video ,Fridabad,,https://youtu.be/KAwz6YpHXs0
Haryana,Aerial View,,Aerial Video ,Gurugram,,https://youtu.be/-1m4kCsSdFo
Haryana,Aerial View,,Aerial Video ,Gurguram,,https://youtu.be/4-5SSMjlYr0
Haryana,Aerial View,,Aerial Video ,Fridabad,,https://youtu.be/1zLZIdDnmj8